<?xml version="1.0" encoding="UTF-8"?>
<beans xmlns="http://www.springframework.org/schema/beans"
	xmlns:xsi="http://www.w3.org/2001/XMLSchema-instance" xmlns:p="http://www.springframework.org/schema/p"
	xmlns:mvc="http://www.springframework.org/schema/mvc" xmlns:context="http://www.springframework.org/schema/context"
	xmlns:util="http://www.springframework.org/schema/util" xmlns:aop="http://www.springframework.org/schema/aop"
	xmlns:tx="http://www.springframework.org/schema/tx"
	xsi:schemaLocation="http://www.springframework.org/schema/beans http://www.springframework.org/schema/beans/spring-beans-3.0.xsd  
            http://www.springframework.org/schema/context http://www.springframework.org/schema/context/spring-context-3.0.xsd  
            http://www.springframework.org/schema/mvc http://www.springframework.org/schema/mvc/spring-mvc-3.0.xsd  
            http://www.springframework.org/schema/util http://www.springframework.org/schema/util/spring-util-3.0.xsd  
            http://www.springframework.org/schema/aop  http://www.springframework.org/schema/aop/spring-aop-3.0.xsd  
            http://www.springframework.org/schema/tx  http://www.springframework.org/schema/tx/spring-tx-3.0.xsd">

	<!-- 默认扫描的包路径 -->
	<context:component-scan base-package="com.xafdy.web" />

	<!-- 定义跳转的文件的前后缀 -->
	<bean id="viewResolver"
		class="org.springframework.web.servlet.view.InternalResourceViewResolver">
		<property name="prefix" value="/WEB-INF/jsp/" />
		<property name="suffix" value=".jsp" />
	</bean>

	<bean id="multipartResolver"
		class="org.springframework.web.multipart.commons.CommonsMultipartResolver">
		<!-- 设置上传文件的最大尺寸为50MB -->
		<property name="maxUploadSize">
			<value>52428800</value>
		</property>
	</bean>

	<!-- 配置登录拦截器 -->
	<mvc:interceptors>
		<mvc:interceptor>
			<mvc:mapping path="/*"/>
			<bean class="com.xafdy.util.LoginIntecepter"></bean>
		</mvc:interceptor>
	</mvc:interceptors>

	<!-- i18n start -->
	<bean id="messageSource"
		class="org.springframework.context.support.ResourceBundleMessageSource">
		<property name="basename">
			<value>/messages/message</value>
		</property>
	</bean>
	<!-- 基于Cookie的本地化解析器 -->
	<bean id="localeResolver"
		class="org.springframework.web.servlet.i18n.CookieLocaleResolver">
		<property name="cookieMaxAge" value="604800" />
		<property name="cookieName" value="Language"></property>
	</bean>
	<!-- i18n end -->

	<!-- <mvc:interceptors> <mvc:interceptor> <mvc:mapping path="/user/*" /> 
		<bean class="com.str.wap.interceptor.SessionCheckInterceptor" /> </mvc:interceptor> 
		</mvc:interceptors> -->
</beans>