<?xml version="1.0" encoding="UTF-8"?>
<!DOCTYPE generatorConfiguration PUBLIC "-//mybatis.org//DTD MyBatis Generator Configuration 1.0//EN" "http://mybatis.org/dtd/mybatis-generator-config_1_0.dtd">
<generatorConfiguration>
  <context id="context1">
    <jdbcConnection connectionURL="jdbc:mysql://localhost:3306/learn" driverClass="com.mysql.jdbc.Driver" password="123456" userId="root" />
    <javaModelGenerator targetPackage="com.xafdy.model" targetProject="learn/src" />
    <sqlMapGenerator targetPackage="com.xafdy.mapper" targetProject="learn/src" />
    <javaClientGenerator targetPackage="com.xafdy.dao" targetProject="learn/src" type="XMLMAPPER" />
    
    <table tableName="admin"></table> 
    
  </context>
</generatorConfiguration>