<?xml version="1.0" encoding="UTF-8"?>
<beans xmlns="http://www.springframework.org/schema/beans"
	xmlns:xsi="http://www.w3.org/2001/XMLSchema-instance" xmlns:p="http://www.springframework.org/schema/p"
	xmlns:mvc="http://www.springframework.org/schema/mvc" xmlns:context="http://www.springframework.org/schema/context"
	xmlns:util="http://www.springframework.org/schema/util" xmlns:aop="http://www.springframework.org/schema/aop"
	xmlns:tx="http://www.springframework.org/schema/tx"
	xsi:schemaLocation="http://www.springframework.org/schema/beans http://www.springframework.org/schema/beans/spring-beans-3.0.xsd  
            http://www.springframework.org/schema/context http://www.springframework.org/schema/context/spring-context-3.0.xsd  
            http://www.springframework.org/schema/mvc http://www.springframework.org/schema/mvc/spring-mvc-3.0.xsd  
            http://www.springframework.org/schema/util http://www.springframework.org/schema/util/spring-util-3.0.xsd  
            http://www.springframework.org/schema/aop  http://www.springframework.org/schema/aop/spring-aop-3.0.xsd  
            http://www.springframework.org/schema/tx  http://www.springframework.org/schema/tx/spring-tx-3.0.xsd">

	<!-- 默认扫描的包路径 -->
	<context:component-scan base-package="com.xafdy.service" />

	<!-- redis 
	<bean id="jedisPoolConfig" class="redis.clients.jedis.JedisPoolConfig">
		<property name="maxTotal" value="20" />
		<property name="maxIdle" value="10" />
		<property name="minIdle" value="5" />
		<property name="maxWaitMillis" value="1000" />
	</bean>

	<bean id="jedisConnFactory"
		class="org.springframework.data.redis.connection.jedis.JedisConnectionFactory">
		<property name="hostName" value="192.168.1.201" />
		<property name="port" value="6379" />
		<property name="usePool" value="true" />
		<property name="poolConfig" ref="jedisPoolConfig" />
	</bean>

	<bean id="stringRedisTemplate" class="org.springframework.data.redis.core.StringRedisTemplate">
		<property name="connectionFactory" ref="jedisConnFactory" />
	</bean>
-->

	<!-- email -->
	<bean id="mailSender" class="org.springframework.mail.javamail.JavaMailSenderImpl">
		<property name="host" value="smtp.126.com" />
		<property name="port" value="25" />
		<property name="username" value="shoto_lee@126.com" />
		<property name="password" value="7Ql5RXPurmwx" />
		<property name="javaMailProperties">
			<props>
				<prop key="mail.smtp.auth">true</prop>
			</props>
		</property>
	</bean>
</beans>
