<?xml version="1.0" encoding="UTF-8"?>
<beans xmlns="http://www.springframework.org/schema/beans"
	xmlns:xsi="http://www.w3.org/2001/XMLSchema-instance" xmlns:p="http://www.springframework.org/schema/p"
	xmlns:mvc="http://www.springframework.org/schema/mvc" xmlns:context="http://www.springframework.org/schema/context"
	xmlns:util="http://www.springframework.org/schema/util" xmlns:aop="http://www.springframework.org/schema/aop"
	xmlns:tx="http://www.springframework.org/schema/tx"
	xsi:schemaLocation="http://www.springframework.org/schema/beans http://www.springframework.org/schema/beans/spring-beans-3.0.xsd  
            http://www.springframework.org/schema/context http://www.springframework.org/schema/context/spring-context-3.0.xsd  
            http://www.springframework.org/schema/mvc http://www.springframework.org/schema/mvc/spring-mvc-3.0.xsd  
            http://www.springframework.org/schema/util http://www.springframework.org/schema/util/spring-util-3.0.xsd  
            http://www.springframework.org/schema/aop  http://www.springframework.org/schema/aop/spring-aop-3.0.xsd  
            http://www.springframework.org/schema/tx  http://www.springframework.org/schema/tx/spring-tx-3.0.xsd ">

	<!-- 读取jdbc.properties -->
	<context:property-placeholder location="classpath:jdbc.properties" />

	<!-- 数据源 -->
	<bean id="dataSource" class="com.alibaba.druid.pool.DruidDataSource"
		init-method="init" destroy-method="close">
		<property name="url" value="${jdbc.url}" />
		<property name="username" value="${jdbc.username}" />
		<property name="password" value="${jdbc.password}" />

		<property name="filters" value="stat" />

		<property name="maxActive" value="${jdbc.maxActive}" />
		<property name="maxWait" value="${jdbc.maxWait}" />
		<property name="minIdle" value="${jdbc.minIdle}" />

		<property name="timeBetweenEvictionRunsMillis" value="60000" />
		<property name="minEvictableIdleTimeMillis" value="300000" />

		<property name="validationQuery" value="SELECT 'x'" />
		<property name="testWhileIdle" value="true" />
		<property name="testOnBorrow" value="false" />
		<property name="testOnReturn" value="false" />
		<property name="poolPreparedStatements" value="true" />
		<property name="maxPoolPreparedStatementPerConnectionSize"
			value="${jdbc.maxPoolPreparedStatementPerConnectionSize}" />
	</bean>

	<!-- 配置mybatis固定的写法 -->
	<bean id="sqlSessionFactory" class="org.mybatis.spring.SqlSessionFactoryBean">
		<property name="dataSource" ref="dataSource" />
		<property name="mapperLocations" value="classpath:com/xafdy/mapper/*.xml" />
	</bean>

	<bean class="org.mybatis.spring.mapper.MapperScannerConfigurer">
		<property name="basePackage" value="com.xafdy.dao" />
		<property name="sqlSessionFactoryBeanName" value="sqlSessionFactory" />
	</bean>
	<!-- 创建事务管理器 -->
	<bean id="transactionManager"
		class="org.springframework.jdbc.datasource.DataSourceTransactionManager">
		<property name="dataSource" ref="dataSource" />
	</bean>

	<!--事务模板 -->
<!-- 	<bean id="transactionTemplate"
		class="org.springframework.transaction.support.TransactionTemplate">
		<property name="transactionManager">
			<ref local="transactionManager" />
		</property>
	</bean> -->
	
	<aop:config>
		<aop:pointcut id="allMethods"
			expression="execution(* com.xafdy.service..*.*(..))" />
		<aop:advisor advice-ref="txAdvice" pointcut-ref="allMethods" />
	</aop:config>
	
	<tx:advice id="txAdvice" transaction-manager="transactionManager">
		<tx:attributes>
			<tx:method name="sel*" propagation="REQUIRED" read-only="true" rollback-for="java.lang.Exception" />
			<tx:method name="que*" propagation="REQUIRED" read-only="true" rollback-for="java.lang.Exception" />
			
			<tx:method name="del*" propagation="REQUIRED" rollback-for="java.lang.Exception" />
			<tx:method name="upd*" propagation="REQUIRED" rollback-for="java.lang.Exception" />
			
			<tx:method name="ins*" propagation="REQUIRED" rollback-for="java.lang.Exception" />
			<tx:method name="add*" propagation="REQUIRED" rollback-for="java.lang.Exception" />
			<tx:method name="save*" propagation="REQUIRED" rollback-for="java.lang.Exception" />
		</tx:attributes>
	</tx:advice>
</beans>