<?xml version="1.0" encoding="UTF-8"?>
<!DOCTYPE mapper PUBLIC "-//mybatis.org//DTD Mapper 3.0//EN" "http://mybatis.org/dtd/mybatis-3-mapper.dtd">
<mapper namespace="com.xafdy.dao.AdminMapper">
  <resultMap id="BaseResultMap" type="com.xafdy.model.Admin">
    <!--
      WARNING - @mbg.generated
      This element is automatically generated by MyBatis Generator, do not modify.
      This element was generated on Sun Apr 01 18:01:55 CST 2018.
    -->
    <id column="id" jdbcType="INTEGER" property="id" />
    <result column="name" jdbcType="VARCHAR" property="name" />
    <result column="account" jdbcType="VARCHAR" property="account" />
    <result column="password" jdbcType="VARCHAR" property="password" />
  </resultMap>
  
  <select id="searchEntityByAccount" parameterType="map" resultMap="BaseResultMap">
  	SELECT * FROM admin WHERE account = #{account} AND password = #{password}
  </select>
  
  
</mapper>