<?xml version="1.0" encoding="UTF-8"?>
<!DOCTYPE mapper PUBLIC "-//mybatis.org//DTD Mapper 3.0//EN" "http://mybatis.org/dtd/mybatis-3-mapper.dtd">
<mapper namespace="com.xafdy.dao.CourseMapper">
  <resultMap id="BaseResultMap" type="com.xafdy.model.Course">
    <id column="id" jdbcType="INTEGER" property="id" />
    <result column="name" jdbcType="VARCHAR" property="name" />
    <result column="college_id" jdbcType="INTEGER" property="collegeId" />
    <result column="num" jdbcType="VARCHAR" property="num" />
  </resultMap>
  <resultMap extends="BaseResultMap" id="ResultMapWithBLOBs" type="com.xafdy.model.Course">
    <result column="intro" jdbcType="LONGVARCHAR" property="intro" />
  </resultMap>
  
  <insert id="saveEntity" parameterType="com.xafdy.model.Course">
  	 INSERT into course (name, num, college_id, intro) VALUES (#{name}, #{num}, #{collegeId}, #{intro})
  </insert>
  
  <select id="searchEntity" resultMap="BaseResultMap">
  	SELECT u.id, u.name, u.num, c.name AS collegeName, u.intro FROM course AS u JOIN college AS c ON u.college_id = c.id
  </select>
  
  <select id="getEntityById" parameterType="int" resultMap="BaseResultMap">
  	SELECT * FROM course WHERE id = #{id}
  </select>
  
  <delete id="deleteEntity" parameterType="int">
  	DELETE FROM course WHERE id = #{id}
  </delete>
  
  <delete id="updateEntity" parameterType="com.xafdy.model.Course">
  	UPDATE course SET name = #{name}, num = #{num}, college_id = #{collegeId}, intro = #{intro} WHERE id = #{id}
  </delete>
  
</mapper>