<?xml version="1.0" encoding="UTF-8"?>
<!DOCTYPE mapper PUBLIC "-//mybatis.org//DTD Mapper 3.0//EN" "http://mybatis.org/dtd/mybatis-3-mapper.dtd">
<mapper namespace="com.xafdy.dao.DiscussMapper">
  <resultMap id="BaseResultMap" type="com.xafdy.model.Discuss">
    <!--
      WARNING - @mbg.generated
      This element is automatically generated by MyBatis Generator, do not modify.
      This element was generated on Thu Mar 29 20:41:35 CST 2018.
    -->
    <id column="id" jdbcType="INTEGER" property="id" />
    <result column="title" jdbcType="VARCHAR" property="title" />
    <result column="teacher_id" jdbcType="INTEGER" property="teacherId" />
    <result column="record_time" jdbcType="TIMESTAMP" property="recordTime" />
    <result column="course_id" jdbcType="INTEGER" property="courseId" />
  </resultMap>
  <resultMap extends="BaseResultMap" id="ResultMapWithBLOBs" type="com.xafdy.model.Discuss">
    <!--
      WARNING - @mbg.generated
      This element is automatically generated by MyBatis Generator, do not modify.
      This element was generated on Thu Mar 29 20:41:35 CST 2018.
    -->
    <result column="content" jdbcType="LONGVARCHAR" property="content" />
  </resultMap>
  
  <insert id="saveEntity" parameterType="com.xafdy.model.Discuss">
  	 INSERT into discuss (title, content, teacher_id, record_time, course_id) VALUES (#{title}, #{content}, #{teacherId}, #{recordTime}, #{courseId})
  </insert>
  
  <select id="searchEntity" resultMap="BaseResultMap">
  	SELECT d.id, d.title, d.content, d.record_time, (SELECT name FROM teacher WHERE id = d.teacher_id) AS teacherName, (SELECT name FROM course WHERE id = d.course_id) AS courseName  FROM discuss AS d
  </select>
  
  <select id="getEntityById" parameterType="int" resultMap="BaseResultMap">
  	SELECT * FROM discuss WHERE id = #{id}
  </select>
  
  <delete id="deleteEntity" parameterType="int">
  	DELETE FROM discuss WHERE id = #{id}
  </delete>
  
  <delete id="updateEntity" parameterType="com.xafdy.model.Discuss">
  	UPDATE discuss SET title = #{title}, content = #{content}, teacher_id = #{teacherId}, record_time = #{recordTime}, course_id = #{courseId} WHERE id = #{id}
  </delete>
  
</mapper>