<?xml version="1.0" encoding="UTF-8"?>
<!DOCTYPE mapper PUBLIC "-//mybatis.org//DTD Mapper 3.0//EN" "http://mybatis.org/dtd/mybatis-3-mapper.dtd">
<mapper namespace="com.xafdy.dao.DiscussPostMapper">
  <resultMap id="BaseResultMap" type="com.xafdy.model.DiscussPost">
    <!--
      WARNING - @mbg.generated
      This element is automatically generated by MyBatis Generator, do not modify.
      This element was generated on Thu Mar 29 20:37:02 CST 2018.
    -->
    <id column="id" jdbcType="INTEGER" property="id" />
    <result column="content" jdbcType="VARCHAR" property="content" />
    <result column="discuss_id" jdbcType="INTEGER" property="discussId" />
    <result column="student_id" jdbcType="INTEGER" property="studentId" />
    <result column="record_time" jdbcType="TIMESTAMP" property="recordTime" />
  </resultMap>
  
  <insert id="saveEntity" parameterType="com.xafdy.model.DiscussPost">
  	 INSERT into discuss_post (content, discuss_id, student_id, record_time) VALUES (#{content}, #{discussId}, #{studentId}, #{recordTime})
  </insert>
  
  <select id="searchEntity" parameterType="int" resultMap="BaseResultMap">
  	SELECT d.id, d.content, d.record_time, (SELECT name FROM student WHERE id = d.student_id) AS studentName FROM discuss_post AS d WHERE d.discuss_id = #{id}
  </select>
  
</mapper>