<?xml version="1.0" encoding="UTF-8"?>
<!DOCTYPE mapper PUBLIC "-//mybatis.org//DTD Mapper 3.0//EN" "http://mybatis.org/dtd/mybatis-3-mapper.dtd">
<mapper namespace="com.xafdy.dao.StudentMapper">
  <resultMap id="BaseResultMap" type="com.xafdy.model.Student">
    <!--
      WARNING - @mbg.generated
      This element is automatically generated by MyBatis Generator, do not modify.
      This element was generated on Wed Mar 28 21:14:50 CST 2018.
    -->
    <id column="id" jdbcType="INTEGER" property="id" />
    <result column="name" jdbcType="VARCHAR" property="name" />
    <result column="num" jdbcType="VARCHAR" property="num" />
    <result column="college_id" jdbcType="INTEGER" property="collegeId" />
    <result column="telphone" jdbcType="VARCHAR" property="telphone" />
    <result column="id_card_no" jdbcType="VARCHAR" property="idCardNo" />
    <result column="gender" jdbcType="INTEGER" property="gender" />
    <result column="account" jdbcType="VARCHAR" property="account" />
    <result column="password" jdbcType="VARCHAR" property="password" />
  </resultMap>
  
  <insert id="saveEntity" parameterType="com.xafdy.model.Student">
  	 INSERT into student (name, num, college_id, telphone, id_card_no, gender, account, password) VALUES (#{name}, #{num}, #{collegeId}, #{telphone}, #{idCardNo}, #{gender}, #{account}, #{password})
  </insert>
  
  <select id="searchEntity" resultMap="BaseResultMap">
  	SELECT s.id, s.name, s.num, c.name AS collegeName, s.telphone, s.id_card_no, CASE gender WHEN 0 THEN "男" ELSE "女" END AS genderName, s.account FROM student AS s JOIN college AS c ON s.college_id = c.id
  </select>
  
  <select id="getEntityById" parameterType="int" resultMap="BaseResultMap">
  	SELECT * FROM student WHERE id = #{id}
  </select>
  
  <delete id="deleteEntity" parameterType="int">
  	DELETE FROM student WHERE id = #{id}
  </delete>
  
  <delete id="updateEntity" parameterType="com.xafdy.model.Student">
  	UPDATE student SET name = #{name}, num = #{num}, college_id = #{collegeId}, telphone = #{telphone}, id_card_no = #{idCardNo}, gender = #{gender}, account = #{account}, password =  #{password} WHERE id = #{id}
  </delete>
  
  <select id="searchEntityByAccount" parameterType="map" resultMap="BaseResultMap">
  	SELECT * FROM student WHERE account = #{account} AND password = #{password}
  </select>
  
</mapper>