<?xml version="1.0" encoding="UTF-8"?>
<!DOCTYPE mapper PUBLIC "-//mybatis.org//DTD Mapper 3.0//EN" "http://mybatis.org/dtd/mybatis-3-mapper.dtd">
<mapper namespace="com.xafdy.dao.TaskQuestionMapper">
  <resultMap id="BaseResultMap" type="com.xafdy.model.TaskQuestion">
    <!--
      WARNING - @mbg.generated
      This element is automatically generated by MyBatis Generator, do not modify.
      This element was generated on Fri Mar 30 15:11:14 CST 2018.
    -->
    <id column="id" jdbcType="INTEGER" property="id" />
    <result column="title" jdbcType="VARCHAR" property="title" />
    <result column="item_a" jdbcType="VARCHAR" property="itemA" />
    <result column="item_b" jdbcType="VARCHAR" property="itemB" />
    <result column="item_c" jdbcType="VARCHAR" property="itemC" />
    <result column="item_d" jdbcType="VARCHAR" property="itemD" />
    <result column="answer" jdbcType="VARCHAR" property="answer" />
    <result column="task_id" jdbcType="INTEGER" property="taskId" />
  </resultMap>
  
  <insert id="saveEntity" parameterType="com.xafdy.model.TaskQuestion">
  	 INSERT into task_question (title, item_a, item_b, item_c, item_d, answer, task_id, score) VALUES (#{title}, #{itemA}, #{itemB}, #{itemC}, #{itemD}, #{answer}, #{taskId}, #{score})
  </insert>
  
  <select id="searchEntity" resultMap="BaseResultMap">
  	SELECT * FROM task_question WHERE task_id = #{taskId} 
  </select>
  
  <select id="getEntityById" parameterType="int" resultMap="BaseResultMap">
  	SELECT * FROM task_question WHERE id = #{id}
  </select>
  
  <delete id="deleteEntity" parameterType="int">
  	DELETE FROM task_question WHERE id = #{id}
  </delete>
  
  <delete id="updateEntity" parameterType="com.xafdy.model.TaskQuestion">
  	UPDATE task_question SET title = #{title}, item_a = #{itemA}, item_b = #{itemB}, item_c = #{itemC}, item_d = #{itemD}, answer = #{answer}, task_id = #{taskId}, score = #{score} WHERE id = #{id}
  </delete>
  
</mapper>